Mittler_2004,Willems_2016,Gadjev_2006,Oliveira_2019,Huaming_He_2018,Marura_2012,Scarpeci_2008,Balazadeh_2012,AscGlutCycle,De_Clercq_2021
AT4G25100,AT4G33470,AT3G62460,AT1G75270,AT5G24110,AT5G59845,AT1G28480,AT1G69890,AT1G07890,AT5G63790
AT5G51100,AT3G59400,AT4G05050,AT1G77100,AT1G80840,AT1G60110,AT1G79680,AT2G40000,AT3G09640 ,AT3G55980
AT5G23310,AT1G52230,AT2G15040,AT3G03670,AT1G66550,AT1G60095,AT1G80820,AT2G18210,AT4935000 ,AT2G37430
AT1G08830,AT1G21500,AT2G15560,AT3G50990,AT5G13080,AT2G20825,AT5G14700,AT1G18570,AT4G08390 ,AT2G40140
AT2G28190,AT1G32060,AT4G03060,AT5G19880,AT2G40340,AT3G14680,AT1G67920,AT1G21100,AT1G77490 ,AT5G59820
AT5G18100,AT1G19150,AT3G47090,AT5G64100,AT5G05410,AT1G56710,AT1G30370,AT5G64310,AT3G27820,AT5G24110
AT3G10920,AT2G27290,AT4G10500,AT5G64110,AT2G38340,AT1G78960,AT2G46400,AT5G28630,AT3G52880,AT2G38470
AT3G56350,AT1G62780,AT4G21650,AT2G38380,AT1G04370,AT4G30230,AT1G19530,AT3G02840,AT1G63940 ,AT2G46400
AT1G07890,AT4G21280,AT2G29120,AT2G38390,AT1G22810,AT4G26200,AT5G64510,AT2G37430,AT5G03630,AT4G17500
AT3G09640,AT3G54050,AT4G23290,AT3G32980,AT1G71520,AT2G34930,AT1G14540,AT1G05575,AT3G09940,AT1G28370
AT4G35000,AT1G77490,AT1G13650,AT3G49110,AT2G33710,AT1G18870,AT5G41740,AT2G38470,AT5G16710,AT4G18880
AT4G09010,AT5G58260,AT4G19240,AT3G49120,AT3G46080,AT3G20340,AT2G33710,AT4G17490,AT1G75270,AT2G23320
AT4G35970,AT5G42760,AT2G32680,AT4G08770,AT2G37430,AT4G13190,AT1G01560,AT5G47230,AT3924170,AT5G04340
AT4G32320,AT5G17230,AT2G11240,AT4G08780,AT5G59820,AT1G49640,AT1G29690,AT1G66060,AT3G54660,AT1G80840
AT1G33660,AT1G51400,AT3G05650,AT5G64120,AT1G74080,AT4G04510,AT3G46660,AT2G32030,AT1G07890,AT3G23250
AT4G08390,AT4G22890,AT3G21080,AT2G35380,AT3G23250,AT3G13672,AT1G51820,AT2G26530,AT1G43220,AT1G27730
AT1G77490,AT5G43750,AT5G45380,AT1G14540,AT5G56960,AT1G09350,AT2G44370,AT1G21120,AT1G77490,AT5G49520
AT1G63940,AT3G47070,AT4G16950,AT1G14550,AT5G06839,AT3G62760,AT3G48640,AT1G35210,AT3G09640,AT5G13080
AT3G09940,AT4G09010,AT2G42330,AT1G49570,AT2G26150,AT4G13195,AT1G17420,AT3G55980,AT4G08390,AT4G17230
AT3G27820,AT1G76100,AT1G20490,AT2G43480,AT3G15500,AT1G17870,AT5G12340,AT2G33710,AT4G09010,AT5G59450
AT3G52880,AT1G52220,AT2G03980,AT5G24070,AT3G25250,AT1G03170,AT3G48650,AT2G25735,AT4G32320,AT1G42990
AT5G03630,AT1G03630,AT5G26280,AT1G30870,AT5G45810,AT5G61430,AT5G46910,AT5G54490,AT4G35000,AT1G18570
AT5G16710,AT1G67740,AT3G05660,AT1G44970,AT5G65600,AT3G24900,AT5G05300,AT1G19020,AT4G35970,AT4G23810
AT5G36270,AT3G27690,AT4G05040,AT1G68850,AT1G47890,AT5G38200,AT2G27150,AT5G51190,AT1G63940,AT1G66550
AT1G75270,AT3G19480,AT5G64390,AT2G22420,AT5G25910,AT2G26400,AT5G64905,AT3G02800,AT3G09940,AT3G23220
AT1G19550,AT4G28660,AT1G31200,AT3G01190,AT4G23280,AT1G68320,AT3G05370,AT5G64905,AT3G27820,AT5G47230
AT1G19570,AT5G19855,AT4G23150,AT4G25980,AT4G04490,AT1G66570,AT5G65600,AT1G76600,AT3G52880,AT3G54810
AT3G24170,AT1G22630,AT3G04160,AT5G19890,AT5G25930,AT2G14620,AT5G01540,AT3G23230,AT5G03630,AT5G47220
AT3G54660,AT1G65230,AT2G24160,AT5G42180,AT5G46080,AT4G36430,AT1G61560,AT1G59590,AT1G19550,AT2G40740
AT1G20630,AT3G16250,AT3G53390,AT1G05250,AT3G46280,AT5G03550,AT1G30700,AT4G18880,AT1G19570,AT4G36990
AT4G35090,AT1G55670,AT3G26744,AT1G05260,AT1G07160,AT3G28600,AT3G11840,AT2G41640,AT1G75270,AT2G30250
AT1G20620,AT5G35630,AT1G60810,AT1G24110,AT1G79680,AT3G01345,AT5G58120,AT1G28190,AT5G36270,AT4G31550
AT2G25080,AT4G28080,AT3G23120,AT1G71695,AT3G46230,AT1G55230,AT1G73080,AT5G57220,AT5G16710,AT5G01380
AT2G31570,AT4G14890,AT1G74280,AT2G18140,AT5G12030,AT4G27480,AT1G03905,AT1G26380,AT3G24170,AT5G22570
AT2G43350,AT3G18890,AT4G13560,AT2G18150,AT5G12020,AT5G14180,AT2G39200,AT2G31945,AT3G54660,AT3G23240
AT2G48150,AT1G54520,AT1G79000,AT2G18980,AT4G27670,AT2G25260,AT2G26190,AT4G11280,AT3G15660,AT4G17490
AT3G63080,AT1G08380,AT1G07880,AT2G24800,AT4G10250,AT4G34970,AT3G62260,AT1G80840,AT1G08830,AT4G22950
AT4G31870,AT2G42220,AT1G05840,AT2G34060,AT1G52560,AT4G38000,AT4G35180,AT5G04340,AT2G28190,AT3G10500
AT1G63460,AT5G07020,AT1G06640,AT2G39040,AT1G59860,AT5G56300,AT3G01830,AT2G22880,AT5G18100,AT3G49530
AT4G11600,AT1G30380,AT1G13470,AT2G41480,AT1G53540,AT2G44240,AT3G46930,AT1G27730,AT4G25100,AT5G62020
AT5G01600,AT3G01500,AT4G17040,AT3G21770,AT5G51440,AT5G02540,AT2G01180,AT5G27420,AT5G51100,AT1G22070
AT3G56090,AT1G15820,AT1G56350,AT4G11290,AT1G07400,AT3G14280,AT1G09940,AT1G61340,AT5G23310,AT1G67970
AT2G40300,AT3G15840,AT5G61530,AT4G21960,AT1G71000,AT3G25180,AT1G65690,AT5G59820,AT3G10920,AT1G62300
AT3G11050,AT1G74730,AT5G52870,AT4G30170,AT4G25200,AT5G22980,AT5G41100,AT5G24110,AT3G56350,AT4G36710
AT5G20230,AT1G74070,AT5G56870,AT4G31760,AT2G02930,AT5G17450,AT4G28703,AT4G24570,AT1G20630,AT1G02220
AT1G72230,AT3G55630,AT1G71720,AT4G36430,AT5G44990,AT3G44290,AT2G29720,AT3G10930,AT4G35090,AT4G31800
AT3G27200,AT4G01050,AT1G32310,AT5G05340,AT2G29490,AT2G24210,AT3G46110,AT3G25250,AT1G20620 ,AT2G38250
AT3G60280,AT1G43670,AT2G15080,AT5G47000,AT2G29470,AT4G04540,AT3G23250,AT4G39670,AT1G07890,AT3G23230
AT4G12880,AT1G76450,AT2G31150,AT5G51890,AT2G29460,AT4G27670,AT1G27770,AT1G77450,AT3G09640,AT3G50260
AT5G26330,AT1G68010,AT1G30530,AT5G66390,AT3G09270,AT4G18960,AT5G17000,AT1G72520,AT4G35000,AT3G01970
AT2G33740,AT1G15980,AT2G25590,AT1G19550,AT5G62480,AT2G44000,AT1G14480,AT3G48650,AT4G09010,AT5G07100
AT4G28365,AT3G55800,AT4G09640,AT1G34510,AT1G78340,AT1G26920,AT5G22690,AT4G21390,AT4G35970,AT1G77450
AT2G31050,AT4G28750,AT3G23480,AT1G73680,AT1G17180,AT2G40260,AT2G23770,AT5G63790,AT4G32320,AT2G22760
AT5G07390,AT5G54270,AT2G44180,AT2G37130,AT2G15490,AT5G65230,AT5G01600,AT4G37370,AT1G77490,AT4G18890
AT1G09090,AT1G14150,AT5G22920,AT3G01420,AT2G15480,AT4G04500,AT3G19660,AT1G63720,AT3G52880,AT2G33710
AT5G51060,AT3G55330,AT2G39580,AT3G17070,AT1G05680,AT1G58170,AT1G74360,AT2G18690,AT5G03630,AT3G44350
AT5G47910,AT3G21055,AT1G21130,AT3G28200,AT2G36770,AT2G22620,AT2G29060,AT1G05340,AT3G09940,AT5G22380
AT1G19230,AT2G01590,AT5G44000,AT3G49960,AT1G05675,AT2G02130,AT1G16670,AT1G57630,AT3G27820,AT1G74080
AT1G64060,AT1G27480,AT3G18980,AT4G16270,AT2G30770,AT1G52800,AT1G43800,AT1G26420,AT1G63940,AT3G56400
AT4G25090,AT1G70760,AT2G35820,AT4G17690,AT3G28740,AT3G45330,AT3G60140,AT2G15480,AT1G19570,AT4G18170
AT5G60010,AT5G51720,AT1G74170,AT4G26010,AT5G67310,AT1G72210,AT3G05360,AT1G10040,AT1G75270,AT1G06160
AT4G11230,AT4G29060,AT3G45420,AT4G33420,AT1G64930,AT3G57100,AT2G31230,AT2G29490,AT5G16710,AT1G32870
AT3G45810,AT4G12800,AT5G37290,AT4G37520,AT1G32350,AT1G10640,AT1G05665,AT5G46080,AT5G36270,AT2G31230
AT5G23980,AT1G44575,AT2G47130,AT4G37530,AT4G08770,AT4G10500,AT2G18210,AT1G80820,,AT1G80590
AT5G49730,AT4G05180,AT5G64410,AT5G06720,AT4G08780,AT3G07600,AT5G20790,AT3G09410,,AT4G34000
AT5G50160,AT5G57345,AT3G07040,AT5G06730,AT5G64905,AT1G74140,AT4G18170,AT2G29500,,AT1G33760
AT1G01580,AT2G39470,AT2G30500,AT5G14130,AT5G42380,AT5G38240,AT4G39890,AT4G22530,,AT3G15210
AT5G49740,AT1G58290,AT1G26260,AT5G15180,AT1G76650,AT1G10530,AT3G21070,AT4G15975,,AT4G36780
AT5G23990,AT3G16140,AT1G77080,AT5G17820,AT1G21550,AT3G11430,AT5G28630,AT2G38340,,AT1G34190
AT1G01590,AT2G20260,AT2G42270,AT5G22410,AT1G01480,AT3G09220,AT1G77120,AT3G13790,,AT1G13260
AT5G67590,AT2G36145,AT2G43530,AT5G40150,AT1G02520,AT2G32680,AT4G23700,AT1G76070,,AT2G40750
AT1G23020,AT3G62410,AT4G16790,AT5G58390,AT1G15520,AT3G60470,AT1G64950,AT1G17180,,AT1G25550
AT1G32350,AT5G01530,AT2G41650,AT5G67400,AT2G47000,AT4G36220,AT3G08720,AT1G15520,,AT2G47190
AT3G22370,AT4G02770,AT5G49360,AT1G20340,AT1G11100,AT1G62240,AT3G50260,AT1G17170,,AT5G46350
AT3G22360,AT4G00895,AT1G03070,AT1G76100,AT4G20000,AT3G28510,AT2G35710,AT1G74360,,AT5G64060
AT3G27620,AT5G13410,AT1G23730,AT4G09010,AT1G17147,AT5G44460,AT3G28850,AT2G38250,,AT2G32930
AT5G64210,AT1G09340,AT1G49150,AT5G16710,AT1G68765,AT1G49320,AT3G25780,AT5G51060,,AT3G19580
AT4G22260,AT5G23060,AT4G34300,AT4G35760,AT3G25655,AT1G77380,AT3G44720,AT5G20230,,AT2G47520
AT1G48130,AT1G03130,AT1G17870,AT1G12520,AT4G22520,AT5G56880,AT3G47420,AT2G41380,,AT4G32800
AT3G11630,AT3G26060,AT3G19920,AT1G31170,AT1G53100,AT1G11730,AT3G12310,AT1G13340,,AT3G53600
AT5G06290,AT5G64040,AT1G07160,AT2G33740,AT4G39670,AT4G37070,AT1G67980,AT5G48850,,AT5G29000
AT3G06050,AT1G17100,AT3G04620,AT1G52990,AT5G42830,AT4G01870,AT2G47550,AT5G19790,,AT2G44840
AT3G26060,AT5G66190,AT1G69880,AT1G07890,AT1G52690,AT5G57010,AT2G28400,AT5G56200,,AT2G17040
AT1G65990,AT1G30520,AT3G01650,AT1G15020,AT3G44830,AT3G13130,AT1G24150,AT5G32460,,AT1G18860
AT1G65980,AT1G75460,AT2G38490,AT1G60420,AT1G21120,AT1G54120,AT3G59700,AT4G09820,,AT2G46510
AT1G65970,AT1G10360,AT3G09480,AT1G77490,AT2G31020,AT5G43410,AT2G41640,AT2G37430,,AT5G06950
AT1G60740,AT1G72030,AT4G34470,AT2G01270,AT3G15340,AT3G45010,AT5G44910,AT1G48150,,AT4G01720
AT3G52960,AT5G67370,AT3G03440,AT3G09640,AT1G70440,AT4G23150,AT5G52760,AT2G34600,,AT1G43160
AT3G03405,AT3G48420,AT5G15120,AT4G08390,AT5G62520,AT4G13890,AT3G43250,AT3G07260,,AT5G04410
AT2G04700,AT3G08940,AT5G13700,AT4G31240,AT2G04040,AT5G14000,AT3G44860,AT1G66380,,AT2G28350
AT1G62180,AT2G03750,AT5G05220,AT4G32320,AT4G18990,AT3G27025,AT5G16960,AT1G27730,,AT3G54620
AT1G43560,AT1G18730,AT3G61930,AT4G35000,AT1G30700,AT3G25010,AT1G19540,AT1G56650,,AT1G12610
AT1G31020,AT3G17930,AT1G09740,AT4G35970,AT1G26410,AT2G33080,AT1G73010,AT5G37415,,AT1G32640
AT1G52990,AT1G12900,AT1G69490,AT3G14130,AT1G26380,AT1G23730,AT1G07000,AT3G53340,,AT4G34410
AT1G53300,AT2G21330,AT1G19200,AT3G14150,AT2G47150,AT4G18430,AT5G41680,AT4G00250,,AT5G13330
AT1G76760,AT2G34620,AT3G14060,AT3G14415,AT3G05260,AT1G26290,AT1G61360,AT5G26930,,AT5G13790
AT2G33270,AT3G16000,AT4G10270,AT3G14420,AT1G76470,AT4G12580,AT5G64660,AT4G26930,,AT4G23550
AT2G42580,AT4G37930,AT4G23493,AT4G18360,AT1G60750,AT5G11920,AT3G09520,AT1G48000,,AT3G58710
AT3G06730,AT5G52570,AT3G05170,AT5G20720,AT5G16960,AT4G23310,AT3G49780,AT5G51190,,AT3G22780
AT3G08710,AT3G63140,AT5G55420,AT1G03020,AT3G48850,AT1G66960,AT3G26980,AT5G43540,,AT5G57150
AT3G20560,AT1G06680,AT4G17245,AT1G03850,AT1G32880,AT4G11340,AT5G39020,AT3G55980,,AT5G13180
AT3G56420,AT3G19800,AT3G26680,AT1G06830,AT5G37490,AT5G59840,AT3G09940,AT1G74080,,AT5G07310
AT4G04950,AT1G80920,AT1G23020,AT1G08830,AT3G02840,AT4G17480,AT3G05710,AT1G68880,,AT5G67450
AT3G56420,AT5G62210,AT3G60130,AT1G09090,AT1G21620,AT3G60140,AT5G44060,AT4G35900,,AT2G33860
AT4G29670,AT5G40450,AT4G11660,AT1G19230,AT3G48840,AT5G51380,AT3G61190,AT1G30135,,AT1G03040
AT4G32580,AT3G60290,AT1G69570,AT1G20620,AT4G15417,AT5G45840,AT4G39950,AT4G01350,,AT3G01080
AT4G37200,AT2G36050,AT2G28110,AT1G20630,AT3G16040,AT3G05740,AT3G22160,AT1G43160,,AT2G45680
AT2G40790,AT5G13930,AT2G46670,AT1G28480,AT3G61111,AT3G27810,AT4G01950,AT5G26170,,AT5G51190
AT3G51030,AT1G54570,AT4G38940,AT1G32350,AT2G44070,AT3G08770,AT1G70740,AT1G29280,,AT1G13960
AT5G39950,AT1G11260,AT3G04630,AT1G60740,AT3G21520,AT5G06740,AT3G57760,AT1G75540,,AT2G43000
AT5G42980,AT3G22840,AT5G62730,AT1G63460,AT1G66090,AT4G37530,AT2G27310,AT2G33710,,AT2G26150
AT1G19730,AT5G62280,AT1G62380,AT1G64060,AT1G57630,AT5G42830,AT4G14360,AT3G01600,,AT3G19290
AT1G45145,AT5G64410,AT2G23150,AT1G65970,AT5G27420,AT1G09400,AT5G67080,AT5G27050,,AT3G46600
AT1G03680,AT3G15450,AT3G53940,AT1G65980,AT1G53980,AT2G33850,AT4G01250,AT5G01380,,AT1G68920
AT4G03520,AT5G21170,AT5G54300,AT1G65990,AT4G34210,AT2G35000,AT1G48300,AT1G65130,,AT1G22810
AT2G15570,AT5G16030,AT5G04950,AT1G77370,AT3G60010,AT3G46550,AT3G30180,AT5G23260,,AT2G43140
AT3G15360,AT5G49360,AT2G24250,AT2G20270,AT5G40990,AT4G17800,AT2G46690,AT3G11580,,AT5G45710
AT4G35460,AT3G15770,AT2G29060,AT2G25080,AT3G28210,AT2G45920,AT3G14210,AT3G56770,,AT4G25490
AT2G17420,AT1G34760,AT3G24982,AT2G28190,AT4G25380,AT5G06730,AT1G26920,AT1G65110,,AT5G24590
AT2G41680,AT4G35770,AT5G04220,AT2G30540,AT1G42980,AT5G07610,AT5G28300,AT2G47190,,AT3G15500
AT1G50320,AT5G65730,AT1G65730,AT2G31570,AT5G47740,AT2G47950,AT1G75900,AT5G52260,,AT1G78700
AT1G03020,AT3G21560,AT2G42150,AT2G40300,AT5G17390,AT2G44578,AT3G44990,AT5G39610,,AT2G25000
AT1G03850,AT4G28240,AT5G13205,AT2G43350,AT1G30370,AT2G18660,AT5G41410,AT4G18880,,AT1G10120
AT1G06830,AT5G59080,AT1G62510,AT2G47870,AT4G16820,AT1G16530,AT5G45950,AT4G37610,,AT3G04670
AT1G28480,AT1G06000,AT2G33700,AT2G47880,AT1G03660,AT4G29030,AT4G09890,AT1G18960,,AT4G30080
AT2G20270,AT4G27450,AT3G11020,AT2G48150,AT1G10220,AT1G51470,AT5G45650,AT5G02470,,AT1G51700
AT2G30540,AT5G28770,AT5G15850,AT3G02000,AT5G42900,AT3G53150,AT2G39920,AT5G26880,,AT5G15130
AT2G47870,AT2G25900,AT5G20880,AT3G06050,AT2G34580,AT2G05720,AT4G36540,AT1G68800,,AT2G36080
AT2G47880,AT1G25230,AT1G32860,AT3G10920,AT4G33930,AT1G15460,AT5G64770,AT5G07500,,AT4G01250
AT3G02000,AT5G64170,AT3G09520,AT3G11050,AT1G03050,AT3G60430,AT2G04050,AT4G01540,,AT1G24260
AT3G62930,AT4G27350,AT5G58840,AT3G21460,AT1G44130,AT5G01560,AT4G38860,AT5G51780,,AT1G69810
AT3G62950,AT1G53540,AT5G50760,AT3G22360,AT3G20340,AT1G01190,AT1G07050,AT2G42150,,AT1G01260
AT3G62960,AT4G08230,AT5G02320,AT3G22370,AT2G03230,AT2G32530,AT1G22810,AT5G13220,,AT5G66730
AT4G15660,AT5G18040,AT2G47190,AT3G24170,AT2G15340,AT3G03480,AT3G28210,AT5G22290,,AT1G29280
AT4G15660,AT5G27660,AT3G55730,AT3G26060,AT1G07135,AT4G39510,AT5G05410,AT2G13150,,AT1G48000
AT4G15680,AT2G41160,ATMG00270,AT3G27620,AT2G35730,AT1G35910,AT1G14200,AT1G70700,,AT3G10800
AT4G15690,AT5G35460,AT1G33420,AT3G45810,AT5G01380,AT4G29230,AT1G62300,AT5G62320,,AT4G11660
AT4G15700,AT3G62600,AT2G05910,AT3G52960,AT3G55840,AT4G16215,AT5G24110,AT4G39070,,AT2G42280
AT4G28730,AT2G30480,AT5G40450,AT3G54660,AT4G40020,AT3G11402,AT2G26150,AT2G30250,,AT5G65210
AT4G33040,AT2G29450,AT3G04670,AT3G55040,AT1G11572,AT5G17330,AT2G37430,AT5G64810,,AT1G23380
AT5G11930,AT1G02700,AT3G30180,AT3G56090,AT2G18190,AT2G40170,AT2G46400,AT3G05800,,AT3G50700
AT5G14070,AT2G24100,AT1G35670,AT3G56350,AT2G18193,AT2G41380,AT2G33710,AT3G01970,,AT4G22070
AT5G18600,AT4G08850,AT5G41860,AT3G62930,AT3G22510,AT1G47980,AT1G01720,AT1G75490,,AT1G09530
AT1G77370,AT3G29810,AT3G21780,AT3G62950,AT5G12880,AT1G35830,AT1G77450,AT1G68840,,AT4G21440
AT5G20500,AT5G49760,AT5G63330,AT3G62960,AT3G10815,AT5G57510,AT3G11840,AT1G79180,,AT4G27410
AT5G40370,AT4G03430,AT5G40880,AT3G63080,AT4G11370,AT3G13435,AT4G18880,AT4G09460,,AT1G29860
AT5G63030,AT1G23180,AT3G27350,AT4G11230,AT1G18980,AT5G40000,AT4G31550,AT1G66600,,AT1G77640
AT3G11920,AT1G20840,AT1G62760,AT4G11600,AT5G59510,AT1G30710,AT2G38470,AT2G43500,,AT5G60470
,AT3G63210,AT1G14890,AT4G15660,AT4G12400,AT1G35230,AT5G63790,AT4G01520,,AT3G10480
,AT5G03340,AT3G21500,AT4G15670,AT1G66570,AT5G64920,AT1G80840,AT1G21000,,AT2G18160
,AT3G44110,AT2G42280,AT4G15680,AT2G39518,AT2G33020,AT2G31230,AT3G27810,,AT5G10030
,AT5G40780,AT3G04710,AT4G15690,AT5G54450,AT3G23250,AT5G49520,AT5G67300,,AT1G54330
,AT5G58787,AT2G03430,AT4G15700,AT5G55150,AT3G07960,AT5G04340,AT2G39250,,AT3G50060
,AT3G12700,AT3G62770,AT4G25090,AT2G29430,AT1G44800,AT4G18170,AT4G16780,,AT2G22750
,AT5G59720,AT1G70140,AT4G25100,AT3G43250,AT3G11150,AT5G59820,AT4G24240,,AT1G77920
,AT2G07707,AT5G18670,AT4G28730,AT4G39610,AT4G00700,AT3G49530,AT4G01930,,AT4G17880
,AT5G39020,AT1G23830,AT4G31870,AT1G55230,AT3G63280,AT5G64660,AT5G62020,,AT1G01010
,AT4G28390,AT1G08270,AT4G33040,AT1G13520,AT4G15400,AT4G01250,AT2G43000,,
,AT2G20940,AT4G21320,AT4G35090,AT5G44570,AT2G41850,AT5G41410,AT4G17785,,
,AT4G19120,AT2G38350,AT5G01600,AT2G38350,AT3G26470,AT4G36540,AT3G02310,,
,AT2G41730,AT2G30640,AT5G02780,AT5G57123,AT3G46770,,AT3G13850,,
,AT5G53450,AT2G01890,AT5G02790,AT3G54530,AT2G04515,,AT4G00260,,
,AT5G22060,AT1G13370,AT5G07390,AT4G33467,AT2G21990,,AT4G27330,,
,AT5G66090,AT1G32170,AT5G11930,AT1G22470,AT2G45080,,AT1G54760,,
,AT3G57630,AT5G14760,AT5G14070,AT1G53620,AT3G28890,,AT3G60460,,
,AT5G23870,AT3G13610,AT5G18100,AT4G04480,AT1G21450,,AT2G45650,,
,AT2G40435,AT3G26440,AT5G18600,AT4G28340,AT1G18860,,AT5G26950,,
,AT3G24100,AT3G10320,AT5G20500,AT3G48640,AT2G23150,,AT3G15170,,
,AT5G05090,AT1G21310,AT5G23310,AT2G31945,AT1G05530,,AT5G58280,,
,AT5G11680,AT4G03050,AT5G40370,AT5G57510,AT3G63050,,AT5G15800,,
,AT2G29500,AT1G07890,AT5G47910,AT3G49540,AT4G37390,,AT3G56660,,
,AT2G14560,AT3G15310,AT5G51060,AT2G23270,AT2G14960,,AT5G23000,,
,AT4G10250,AT5G24660,AT5G51100,AT4G05018,AT1G16370,,,,
,AT1G16040,AT3G47250,AT5G60010,AT1G21940,AT4G21850,,,,
,AT5G49910,AT1G73490,AT5G63030,AT4G37290,AT2G30550,,,,
,AT4G23885,AT5G30450,AT5G64210,AT5G05220,AT4G37700,,,,
,AT2G37710,AT1G31580,AT5G64250,AT4G28460,AT1G54400,,,,
,ATMG00980,AT4G20480,AT1G03680,AT1G53625,AT4G17483,,,,
,AT1G79380,AT1G65370,AT1G04980,AT3G13950,AT3G25880,,,,
,AT1G17500,AT3G22240,AT1G07960,AT5G14730,AT3G24982,,,,
,AT4G02430,AT3G47290,AT1G08570,AT4G12735,AT3G11280,,,,
,AT5G02430,AT5G05040,AT1G11530,AT2G18690,AT5G13320,,,,
,AT4G27680,AT4G15620,AT1G19730,AT1G28190,AT4G03360,,,,
,AT1G14920,AT1G56510,AT1G20020,AT1G76600,AT4G34710,,,,
,AT1G22985,AT1G03420,AT1G21750,AT5G54165,AT3G60120,,,,
,AT4G14385,AT5G56910,AT1G31020,,AT3G62090,,,,
,AT4G23300,AT5G10400,AT1G35620,,AT3G60970,,,,
,AT2G26150,AT5G39640,AT1G43560,,AT1G23510,,,,
,AT5G35320,AT1G11280,AT1G45145,,AT1G75040,,,,
,AT2G33700,AT1G66540,AT1G48130,,AT5G06839,,,,
,AT3G04760,AT4G21760,AT1G50320,,AT1G07900,,,,
,AT5G05410,AT4G27050,AT1G52260,,AT5G57500,,,,
,AT2G40940,AT5G37300,AT1G59730,,AT4G34760,,,,
,AT5G42150,AT2G22920,AT1G62180,,AT1G09415,,,,
,AT1G30070,AT2G21220,AT1G63940,,AT1G14210,,,,
,AT2G46240,AT3G46980,AT1G69880,,AT3G55130,,,,
,AT3G13690,AT4G35060,AT1G76080,,AT5G64000,,,,
,AT5G64510,AT2G18280,AT1G76760,,AT3G09260,,,,
,AT4G33660,AT5G26220,AT1G77510,,AT1G09510,,,,
,AT2G21640,AT2G16990,AT2G15570,,AT1G75000,,,,
,AT2G46830,AT1G25530,AT2G17420,,AT5G64110,,,,
,AT3G51910,AT5G22460,AT2G18990,,AT1G51790,,,,
,AT4G03320,AT4G24130,AT2G32920,,AT2G29120,,,,
,AT5G54630,AT1G30990,AT2G33270,,AT3G25655,,,,
,AT4G21380,AT5G03350,AT2G35010,,AT4G04990,,,,
,AT3G13470,AT5G47280,AT2G38270,,AT3G55110,,,,
,AT1G10230,AT1G04220,AT2G40790,,AT1G58225,,,,
,AT4G19530,AT4G13930,AT2G41680,,AT1G02470,,,,
,AT2G25140,AT5G10140,AT2G47470,,AT5G38250,,,,
,AT2G21130,AT3G57010,AT3G02730,,AT1G30900,,,,
,AT1G23080,AT5G66740,AT3G06730,,AT1G74010,,,,
,AT1G54820,AT4G22280,AT3G08710,,AT2G14095,,,,
,AT1G62740,AT4G11190,AT3G09940,,AT3G13790,,,,
,AT2G33735,AT1G54260,AT3G11630,,AT5G65140,,,,
,AT4G11220,AT4G15630,AT3G15360,,AT4G37010,,,,
,AT1G07410,AT5G16220,AT3G15660,,AT5G59020,,,,
,AT5G01180,AT1G62510,AT3G16110,,AT2G37750,,,,
,AT1G66510,AT1G23970,AT3G17880,,AT4G29180,,,,
,AT4G22740,AT5G65390,AT3G27820,,AT4G01430,,,,
,AT1G21590,AT2G27690,AT3G51030,,AT4G01700,,,,
,AT2G01100,AT1G54020,AT3G52880,,AT2G17040,,,,
,AT4G21960,AT5G63450,AT3G54900,,AT3G22970,,,,
,AT3G12050,AT3G53790,AT3G54960,,AT1G70690,,,,
,AT3G08590,AT5G13220,AT3G56420,,AT2G25940,,,,
,AT2G04795,AT2G24210,AT4G03520,,AT2G38940,,,,
,AT4G28240,AT4G37410,AT4G04610,,AT4G36850,,,,
,AT5G02490,AT1G24070,AT4G04950,,AT5G26690,,,,
,AT5G11260,AT4G16590,AT4G21990,,AT5G53110,,,,
,AT1G33240,AT5G12340,AT4G25130,,AT3G14670,,,,
,AT1G05170,AT4G09820,AT4G26160,,AT5G25260,,,,
,AT5G16200,AT2G30830,AT4G29670,,AT2G21610,,,,
,AT3G23990,AT3G11480,AT4G32580,,AT4G23140,,,,
,AT1G29690,AT5G19460,AT4G35460,,AT5G48490,,,,
,AT5G11090,AT4G27860,AT4G37200,,AT1G09540,,,,
,AT1G63090,AT4G16740,AT5G03630,,AT2G37590,,,,
,AT4G11900,AT5G06510,AT5G04260,,AT3G46140,,,,
,AT4G15420,AT1G03940,AT5G06290,,AT1G70380,,,,
,AT1G66980,AT4G02360,AT5G06690,,AT3G56740,,,,
,AT5G15410,AT2G44840,AT5G07460,,AT3G60160,,,,
,AT1G69530,AT1G33760,AT5G16400,,AT3G01080,,,,
,AT2G40750,AT1G21910,AT5G39950,,AT1G58340,,,,
,ATMG00650,AT3G29590,AT5G42980,,AT3G47340,,,,
,AT5G11610,AT1G09950,AT5G60640,,AT1G57943,,,,
,AT3G62260,AT2G25820,AT5G61440,,AT2G22860,,,,
,AT4G36010,AT3G20960,AT5G66190,,AT5G55970,,,,
,AT2G39920,AT1G25500,AT5G58400,,AT5G16900,,,,
,AT2G07731,AT5G59780,AT1G19570,,AT1G60130,,,,
,AT3G12320,AT1G80130,AT2G15770,,AT4G34135,,,,
,AT3G01720,AT1G66370,AT2G23990,,AT4G26380,,,,
,AT1G75860,AT4G27654,AT4G30590,,AT3G25020,,,,
,AT1G62790,AT4G08950,AT4G33930,,AT3G11500,,,,
,AT1G20450,AT1G74950,AT4G34300,,AT4G11350,,,,
,AT2G21940,AT2G44580,AT5G57920,,AT1G06090,,,,
,AT3G53230,AT3G50280,AT1G17800,,AT4G32990,,,,
,AT1G72660,AT3G03480,AT3G27200,,AT5G26170,,,,
,AT2G07826,AT5G67450,AT4G27520,,AT5G56050,,,,
,AT1G56170,AT1G68710,AT1G48940,,AT2G36650,,,,
,AT5G62730,AT4G29690,AT1G64640,,AT3G54420,,,,
,AT4G26780,AT4G37240,AT1G79800,,AT1G36640,,,,
,AT3G07090,AT4G35090,AT2G27035,,AT3G19270,,,,
,AT2G43630,AT1G24470,AT3G01070,,AT4G31660,,,,
,AT3G25230,AT1G20490,AT3G18590,,AT2G04490,,,,
,AT2G17900,AT1G58270,AT3G20570,,AT3G04470,,,,
,AT1G49500,AT1G66390,AT4G28365,,AT4G14640,,,,
,AT1G28440,AT2G17710,AT4G32490,,AT4G09300,,,,
,AT4G10040,AT2G14290,AT4G33870,,AT1G55610,,,,
,AT5G58770,AT5G54380,AT5G07475,,AT4G05540,,,,
,AT2G27580,AT4G13410,AT5G14345,,AT4G19570,,,,
,AT5G15450,AT5G42800,AT5G15350,,AT3G28330,,,,
,AT3G58990,AT3G19550,AT5G53870,,AT3G47050,,,,
,AT3G14200,AT5G24390,AT1G05240,,AT5G48290,,,,
,AT1G14890,AT3G30720,AT1G08500,,AT5G24655,,,,
,AT3G24500,AT3G46900,AT1G45063,,AT1G73810,,,,
,AT1G05300,AT2G22770,AT2G15780,,AT1G21750,,,,
,AT3G27100,AT5G25390,AT2G25060,,AT2G32510,,,,
,AT3G28210,AT2G41800,AT4G31840,,AT3G06490,,,,
,ATMG00180,AT5G52390,AT5G25090,,AT3G61198,,,,
,AT2G07777,AT1G61610,AT1G22480,,AT5G47600,,,,
,AT4G33940,AT1G75230,AT1G32760,,AT1G26930,,,,
,AT1G57820,AT2G32510,AT1G34780,,AT5G54095,,,,
,AT5G62430,AT2G39420,AT1G64500,,AT2G19990,,,,
,AT3G09440,AT1G28570,AT1G72230,,AT5G56510,,,,
,AT4G38860,AT1G72790,AT2G02850,,AT1G50520,,,,
,AT3G03270,AT3G27810,AT2G26720,,AT4G01525,,,,
,AT5G53550,AT1G56650,AT2G31050,,AT1G51670,,,,
,AT3G15770,AT1G20510,AT2G32300,,AT1G65610,,,,
,AT5G45480,AT1G28370,AT2G41330,,AT1G14880,,,,
,AT5G45630,AT3G28290,AT2G44790,,AT1G05100,,,,
,AT1G78460,AT5G40210,AT3G03860,,AT4G11890,,,,
,AT3G08970,AT1G61930,AT3G11773,,AT1G26410,,,,
,ATMG01090,AT1G61065,AT3G17675,,AT4G30250,,,,
,AT5G19875,AT1G30135,AT3G28850,,AT1G09935,,,,
,AT3G15720,AT5G15900,AT3G57070,,AT4G28530,,,,
,ATMG01200,AT5G17220,AT3G60270,,AT2G04050,,,,
,AT5G59870,AT4G16730,AT3G60280,,AT2G37820,,,,
,AT2G41180,AT4G23600,AT4G08930,,AT2G21840,,,,
,AT3G61820,AT3G44860,AT4G10000,,AT4G24430,,,,
,AT4G23493,ATCG01050,AT4G10630,,AT2G45220,,,,
,AT5G36120,ATCG00380,AT4G12880,,AT1G80280,,,,
,AT4G20780,ATCG00520,AT5G01420,,AT1G80160,,,,
,AT2G21320,ATCG00180,AT5G03870,,AT2G38830,,,,
,AT1G76880,ATCG00500,AT5G06470,,AT1G73680,,,,
,AT5G47610,ATCG00670,AT5G13810,,AT5G43570,,,,
,AT3G51790,ATCG01100,AT5G18120,,AT1G75170,,,,
,AT5G01990,ATCG00140,AT5G20230,,AT1G04960,,,,
,AT5G03350,ATCG01230,AT5G26330,,AT2G34830,,,,
,AT5G04410,ATCG00900,AT5G39580,,AT5G09290,,,,
,AT4G02550,ATCG00065,AT5G39865,,AT3G23880,,,,
,AT1G07500,ATCG01090,AT5G58530,,AT5G37490,,,,
,AT3G17611,ATCG00040,AT3G53220,,AT2G22000,,,,
,AT4G26270,ATCG00510,AT4G22260,,AT3G03702,,,,
,AT4G29770,ATCG00160,AT5G42850,,AT1G18890,,,,
,AT5G12030,ATCG00130,AT1G07700,,AT2G16450,,,,
,AT5G64570,ATCG01000,AT3G20560,,AT2G22680,,,,
,AT1G26800,AT3G09260,AT4G27080,,AT4G07526,,,,
,AT1G73480,ATCG00710,AT5G42150,,AT3G48640,,,,
,AT4G13550,AT2G07783,AT5G07470,,AT2G25440,,,,
,AT4G39520,ATCG01060,AT5G61640,,AT4G36060,,,,
,AT2G30000,ATCG00530,AT3G03405,,AT3G25620,,,,
,AT4G02980,ATCG01040,AT3G28958,,AT4G13900,,,,
,ATMG00040,ATCG00350,AT3G42570,,AT5G67470,,,,
,AT3G17800,ATCG00590,AT3G53330,,AT5G43910,,,,
,AT4G36990,AT1G28290,AT4G01380,,AT4G22370,,,,
,AT1G74680,ATCG01110,,,AT3G12910,,,,
,AT3G45260,ATCG00170,,,AT5G24110,,,,
,AT1G68140,ATCG00540,,,AT5G59050,,,,
,AT2G19580,ATCG00690,,,AT2G04066,,,,
,AT5G12020,AT4G22490,,,AT5G18880,,,,
,AT4G29520,AT5G33370,,,AT4G26580,,,,
,AT5G57100,ATCG00050,,,AT5G10660,,,,
,AT5G50180,ATCG00430,,,AT1G36060,,,,
,AT3G03950,ATCG00360,,,AT5G06230,,,,
,AT4G21090,AT4G29030,,,AT5G01840,,,,
,AT2G28740,ATCG00660,,,AT4G34131,,,,
,AT4G39235,ATCG00720,,,AT3G17420,,,,
,AT3G23920,AT2G28790,,,AT2G39980,,,,
,AT2G36460,ATCG00340,,,AT5G15660,,,,
,AT5G12110,ATCG00420,,,AT3G11010,,,,
,AT5G17350,ATCG00680,,,AT3G07970,,,,
,AT1G71000,ATCG00650,,,AT4G13000,,,,
,AT4G29070,ATCG00640,,,AT2G29100,,,,
,AT3G61630,AT5G23240,,,AT3G14660,,,,
,AT5G53400,ATCG01120,,,AT5G42930,,,,
,AT5G10400,ATCG00840,,,AT4G08250,,,,
,AT4G25260,AT1G07050,,,AT2G04450,,,,
,AT3G51520,ATCG00810,,,AT1G79450,,,,
,AT2G07671,ATCG00820,,,AT1G47890,,,,
,AT2G32860,ATCG00600,,,AT1G04445,,,,
,AT1G53730,AT5G62210,,,AT5G62500,,,,
,ATMG00620,AT2G38530,,,AT5G35560,,,,
,AT1G18590,AT1G62500,,,AT4G02670,,,,
,AT1G54050,ATCG01310,,,AT3G47780,,,,
,AT5G56600,AT5G24470,,,AT3G57380,,,,
,AT5G58110,ATCG00080,,,AT4G34750,,,,
,AT5G62090,ATCG00480,,,AT1G15825,,,,
,AT1G21350,AT5G62360,,,AT5G18980,,,,
,AT3G01210,ATCG00150,,,AT5G29090,,,,
,AT4G36988,AT3G08770,,,AT3G13710,,,,
,AT3G49160,AT1G22770,,,AT2G17690,,,,
,AT1G55530,ATCG01080,,,AT3G62320,,,,
,AT1G17430,ATCG00280,,,AT2G19240,,,,
,AT4G27670,AT3G05600,,,AT3G53820,,,,
,AT5G03160,ATCG00490,,,AT2G02120,,,,
,AT5G03740,AT2G39920,,,AT2G24260,,,,
,AT4G16660,AT2G33850,,,AT1G02630,,,,
,AT3G10020,AT1G03940,,,AT4G16940,,,,
,AT5G24590,AT4G14090,,,AT1G77490,,,,
,AT3G52500,ATCG00790,,,AT4G17640,,,,
,AT5G58590,AT4G03510,,,AT4G15210,,,,
,AT1G74310,AT4G15910,,,AT5G58310,,,,
,AT4G12410,ATCG00800,,,AT1G65390,,,,
,AT1G70590,AT2G07698,,,AT4G16590,,,,
,AT1G66890,AT3G17680,,,AT3G59350,,,,
,AT1G72610,ATCG01070,,,AT3G15270,,,,
,AT3G60720,AT5G48250,,,AT5G40605,,,,
,AT1G15260,AT4G02290,,,AT5G42610,,,,
,AT3G57880,AT4G26670,,,AT5G26270,,,,
,AT5G07580,AT2G42840,,,AT4G12320,,,,
,AT3G07150,AT2G36885,,,AT3G63160,,,,
,AT5G47830,AT2G21140,,,AT2G02990,,,,
,AT1G13110,AT3G20810,,,AT1G15580,,,,
,AT2G47180,AT1G75240,,,AT1G20070,,,,
,AT1G10170,AT1G73330,,,AT4G30650,,,,
,AT1G62730,ATCG00190,,,AT1G66390,,,,
,AT4G16370,AT4G23800,,,AT4G22470,,,,
,AT5G48570,AT3G15950,,,AT5G61160,,,,
,AT4G28480,AT1G06100,,,AT4G21490,,,,
,AT5G20660,AT1G12845,,,AT2G42530,,,,
,AT4G36970,ATCG00580,,,AT4G32280,,,,
,AT5G63410,AT3G13160,,,AT3G16660,,,,
,AT5G50780,ATCG00300,,,AT5G45340,,,,
,AT2G28930,AT1G18250,,,AT1G15125,,,,
,AT2G36750,ATCG00470,,,AT1G57850,,,,
,AT1G07350,AT2G21660,,,AT3G20810,,,,
,AT3G07770,ATMG00580,,,AT1G65310,,,,
,AT1G16030,AT5G61380,,,AT5G61610,,,,
,AT5G17310,AT4G37410,,,AT1G07050,,,,
,AT1G64200,AT4G01130,,,AT5G47330,,,,
,AT1G74320,ATMG00080,,,AT1G56650,,,,
,AT4G12030,ATCG00020,,,AT3G28270,,,,
,AT1G74240,AT4G22880,,,AT5G39790,,,,
,AT4G23570,AT1G32090,,,AT1G20030,,,,
,AT5G59820,AT5G39410,,,AT4G01420,,,,
,AT4G02050,ATCG00630,,,AT1G33760,,,,
,ATMG01190,AT1G18370,,,AT1G61255,,,,
,AT1G44414,ATCG00780,,,AT2G03020,,,,
,AT1G62560,AT2G39310,,,AT5G59670,,,,
,AT3G26210,AT3G14900,,,AT4G26530,,,,
,AT5G52640,AT5G58390,,,AT5G55720,,,,
,AT3G19850,AT3G16420,,,AT1G49040,,,,
,AT5G57630,AT4G25340,,,AT1G69870,,,,
,AT1G01430,AT3G01140,,,AT4G26950,,,,
,AT5G42220,AT5G03230,,,AT1G10770,,,,
,AT3G19930,AT4G12750,,,AT5G62360,,,,
,AT5G51130,AT5G07030,,,AT4G30290,,,,
,AT5G50240,ATCG00560,,,AT5G62040,,,,
,AT2G01420,AT3G46640,,,AT1G29395,,,,
,AT3G12510,AT5G54670,,,AT2G37950,,,,
,AT2G07723,AT1G22570,,,AT4G25490,,,,
,AT2G20560,AT1G31680,,,AT3G23550,,,,
,AT5G13200,AT2G22450,,,AT3G15280,,,,
,AT3G12580,AT3G21770,,,AT3G44510,,,,
,AT2G18510,AT4G02800,,,AT5G11000,,,,
,AT5G51740,ATCG00270,,,AT1G23110,,,,
,AT4G11660,AT1G14440,,,AT3G15356,,,,
,AT5G66620,AT3G56330,,,AT3G44520,,,,
,AT2G40300,AT3G23710,,,AT1G14520,,,,
,AT1G53035,AT2G21130,,,AT3G14820,,,,
,AT1G29720,AT3G03630,,,AT1G78450,,,,
,AT2G32120,AT5G25475,,,AT5G17220,,,,
,AT4G14400,AT4G13340,,,AT2G36590,,,,
,AT5G65900,AT2G07699,,,AT5G62280,,,,
,AT5G42380,AT5G17220,,,AT3G45960,,,,
,AT3G16180,AT3G57150,,,AT5G61050,,,,
,AT1G35660,AT3G47160,,,AT4G24350,,,,
,AT1G01940,AT3G02640,,,AT2G32290,,,,
,AT3G04640,AT3G16460,,,AT1G64190,,,,
,AT2G22240,AT4G09020,,,AT5G58860,,,,
,AT4G21320,AT4G39860,,,AT1G28330,,,,
,AT4G35985,AT1G14900,,,AT5G23980,,,,
,AT1G03870,AT2G42610,,,AT5G28450,,,,
,AT1G14720,AT5G57785,,,AT1G53490,,,,
,AT1G78070,AT2G16480,,,AT5G58260,,,,
,AT3G19270,AT3G07050,,,AT1G30250,,,,
,AT3G03310,AT5G54960,,,AT2G18196,,,,
,AT4G27940,AT5G48850,,,AT3G01440,,,,
,AT1G71880,AT5G26270,,,AT5G58830,,,,
,AT1G52560,AT5G05440,,,AT4G06746,,,,
,AT1G70160,AT2G18190,,,AT1G77640,,,,
,AT1G11660,AT3G46280,,,AT1G78995,,,,
,AT4G30390,AT2G17840,,,AT5G03090,,,,
,AT2G27050,AT1G21100,,,AT4G30280,,,,
,AT5G25450,AT5G04170,,,AT4G23600,,,,
,AT2G33590,AT4G23600,,,AT4G17090,,,,
,AT3G62630,AT5G10190,,,AT5G51550,,,,
,AT3G59280,AT1G73120,,,AT1G14150,,,,
,AT1G18570,AT5G64110,,,AT5G59090,,,,
,AT4G33220,AT1G76930,,,AT5G59100,,,,
,AT1G56600,AT4G38550,,,AT5G67480,,,,
,AT4G23290,AT5G60950,,,AT3G48360,,,,
,AT3G12610,AT1G64550,,,AT4G14560,,,,
,AT2G32920,AT3G47340,,,AT5G44005,,,,
,AT5G62520,AT3G09600,,,AT4G04330,,,,
,AT3G08690,AT1G64780,,,AT2G43590,,,,
,AT5G04840,AT3G09600,,,AT5G23240,,,,
,AT4G19160,AT5G42760,,,AT5G43500,,,,
,AT4G12400,AT5G55570,,,AT1G12990,,,,
,AT2G02810,AT2G47750,,,AT5G41900,,,,
,AT3G09640,AT5G14760,,,AT5G58680,,,,
,AT4G13770,AT4G34000,,,AT5G39210,,,,
,AT5G37670,AT3G56080,,,AT2G05160,,,,
,AT2G39020,AT1G29720,,,AT5G42090,,,,
,AT1G56220,AT5G50100,,,AT3G05800,,,,
,AT1G12090,AT4G27657,,,AT1G48720,,,,
,AT3G28920,AT5G54120,,,AT4G00660,,,,
,AT3G16050,AT5G58770,,,AT4G17030,,,,
,ATMG00513,AT5G54130,,,AT2G28085,,,,
,AT3G50700,AT2G36590,,,AT3G24420,,,,
,AT4G25340,AT1G64360,,,AT3G05640,,,,
,AT1G03070,AT5G24120,,,AT1G76790,,,,
,AT4G29330,AT1G01060,,,AT4G10120,,,,
,AT5G51440,AT5G15950,,,AT4G12310,,,,
,AT5G01740,AT1G79270,,,AT2G29630,,,,
,AT1G67360,AT1G17050,,,AT5G22500,,,,
,AT2G38310,AT1G62250,,,AT3G60290,,,,
,AT3G46230,AT5G39660,,,AT3G48520,,,,
,AT2G07675,AT1G56170,,,AT3G16090,,,,
,AT4G29340,AT3G17609,,,AT1G52830,,,,
,AT1G32870,AT4G32770,,,AT5G59340,,,,
,AT5G15250,AT4G20420,,,AT1G68520,,,,
,AT3G63310,AT1G62940,,,AT3G19920,,,,
,AT3G18050,AT1G72260,,,AT1G78030,,,,
,AT5G03720,AT1G16370,,,AT5G21430,,,,
,AT3G23170,AT3G53790,,,AT2G32940,,,,
,AT5G37770,AT4G34410,,,AT1G65480,,,,
,AT1G55310,AT1G66850,,,AT2G24870,,,,
,AT2G07698,AT5G07550,,,AT1G07260,,,,
,AT1G23740,AT4G27654,,,AT2G39800,,,,
,ATMG00270,AT5G47240,,,AT5G60760,,,,
,AT1G09070,AT1G61610,,,AT1G68540,,,,
,ATMG00480,AT2G39350,,,AT1G35140,,,,
,AT5G17400,AT3G28600,,,AT2G45350,,,,
,AT2G07711,AT4G08170,,,AT1G19210,,,,
,AT2G37130,AT5G63450,,,AT2G32270,,,,
,AT1G61340,AT2G44840,,,AT5G05840,,,,
,AT1G11960,AT1G76790,,,AT2G28900,,,,
,AT1G56440,AT1G56600,,,AT3G09870,,,,
,AT4G23130,AT5G51190,,,AT5G24155,,,,
,AT5G58070,AT5G22630,,,AT4G12830,,,,
,AT3G14310,AT3G44560,,,AT1G07440,,,,
,AT1G68560,AT1G30370,,,AT1G27940,,,,
,AT5G62620,AT1G64200,,,AT5G15500,,,,
,AT4G37370,AT1G49450,,,AT1G51090,,,,
,AT5G61510,AT1G68875,,,AT1G78460,,,,
,AT5G09590,AT4G10390,,,AT1G06160,,,,
,AT1G66080,AT1G51620,,,AT1G74930,,,,
,AT1G51805,AT3G59350,,,AT3G49930,,,,
,AT3G57810,AT5G01040,,,AT5G61600,,,,
,AT1G17870,AT5G67210,,,AT2G34210,,,,
,AT5G11100,AT5G56980,,,AT4G05140,,,,
,AT1G02090,AT1G18710,,,AT1G29071,,,,
,AT1G10050,AT4G12410,,,AT1G11210,,,,
,AT1G51790,AT2G35710,,,AT5G66052,,,,
,AT5G44820,AT4G36500,,,AT5G25240,,,,
,AT1G52870,AT4G27860,,,AT1G72416,,,,
,AT1G25230,AT1G73080,,,AT3G24460,,,,
,AT4G30020,AT1G44414,,,AT3G04530,,,,
,AT5G13100,AT4G35480,,,AT4G29610,,,,
,AT5G60710,AT3G25600,,,AT4G28430,,,,
,AT4G22340,AT2G44580,,,AT5G17170,,,,
,AT2G42320,AT3G50970,,,AT5G59130,,,,
,AT4G14690,AT2G31980,,,AT2G01860,,,,
,AT1G75980,AT5G53750,,,AT1G49230,,,,
,ATMG01080,AT1G19640,,,AT5G56840,,,,
,AT3G28040,AT3G15990,,,AT5G13730,,,,
,AT1G30900,AT5G10830,,,AT3G07650,,,,
,ATMG01210,AT3G15400,,,AT5G43350,,,,
,AT4G01120,AT2G22330,,,AT1G62510,,,,
,AT5G05250,AT1G09940,,,AT3G17185,,,,
,AT5G63130,AT2G01150,,,AT1G17665,,,,
,AT4G25200,AT1G02813,,,AT1G29610,,,,
,AT2G07722,AT1G58270,,,AT1G61667,,,,
,AT1G59980,AT1G74750,,,AT5G63810,,,,
,AT5G56030,AT2G37900,,,AT1G71000,,,,
,AT1G48480,AT2G39200,,,AT5G58160,,,,
,AT5G07330,AT3G29250,,,AT3G44560,,,,
,AT1G68300,AT3G48450,,,AT3G44550,,,,
,AT3G03520,AT1G07500,,,AT5G26220,,,,
,AT1G21550,AT3G18690,,,AT4G01390,,,,
,AT1G20350,AT1G58420,,,AT5G20070,,,,
,AT4G09150,AT2G30360,,,AT3G62410,,,,
,AT3G22840,AT3G13650,,,AT3G59220,,,,
,AT5G64410,AT5G57630,,,AT1G29600,,,,
,AT2G19310,AT4G26080,,,AT5G50450,,,,
,AT2G38250,AT1G75930,,,AT3G46640,,,,
,AT1G53440,AT1G74430,,,AT1G79410,,,,
,AT1G49710,AT2G39420,,,AT1G33440,,,,
,AT5G50160,AT1G47980,,,AT4G21445,,,,
,AT1G09140,AT5G24590,,,AT3G50120,,,,
,AT1G09200,AT1G74930,,,AT1G80130,,,,
,AT3G10800,AT3G02140,,,AT1G64680,,,,
,AT5G15770,AT1G68290,,,AT3G55240,,,,
,AT3G47620,AT5G42650,,,AT2G26710,,,,
,AT1G70300,AT5G65280,,,AT2G18890,,,,
,AT3G10640,AT1G25500,,,AT4G15440,,,,
,AT5G64310,AT1G75910,,,AT3G10150,,,,
,AT3G09350,AT5G16970,,,AT2G16660,,,,
,ATMG00170,AT1G19310,,,AT1G75800,,,,
,AT5G18340,AT1G63750,,,AT1G24260,,,,
,AT5G10695,AT4G29700,,,AT3G46130,,,,
,AT4G32980,AT2G46310,,,AT4G21680,,,,
,AT5G49450,AT3G25655,,,AT4G04745,,,,
,AT1G10170,AT4G23250,,,AT1G64770,,,,
,AT5G45700,AT5G66210,,,AT5G54150,,,,
,AT2G15480,AT5G10820,,,AT5G24105,,,,
,AT1G32870,AT1G20350,,,AT4G33470,,,,
,AT1G77450,AT5G07230,,,AT1G06080,,,,
,AT4G01870,AT1G20310,,,AT3G55630,,,,
,AT5G61820,AT4G11350,,,AT4G22870,,,,
,AT1G05560,AT4G33985,,,AT3G01500,,,,
,AT1G17860,AT1G22990,,,AT3G61080,,,,
,AT2G45170,AT1G74100,,,AT5G58660,,,,
,AT4G34138,AT3G57530,,,AT3G11480,,,,
,AT3G48850,AT2G20880,,,AT1G58270,,,,
,AT4G33560,AT1G69500,,,AT1G03020,,,,
,AT2G33710,AT3G09830,,,AT2G02450,,,,
,AT4G16680,AT4G01250,,,AT3G15540,,,,
,AT5G43450,AT2G38760,,,AT1G04240,,,,
,AT5G61480,AT3G10300,,,AT1G75490,,,,
,AT5G64250,AT5G11410,,,AT4G39040,,,,
,AT4G15620,AT5G52320,,,AT1G72645,,,,
,AT5G16960,AT5G66640,,,AT1G17710,,,,
,AT5G01910,AT3G44260,,,AT5G51020,,,,
,AT1G26730,AT2G38400,,,AT4G37240,,,,
,AT5G49448,AT4G04460,,,AT3G50140,,,,
,AT1G80440,AT5G47230,,,AT2G22890,,,,
,AT4G03210,AT3G18560,,,AT3G61920,,,,
,AT4G15610,AT3G16720,,,AT2G40130,,,,
,AT1G01720,AT1G11670,,,AT1G07135,,,,
,AT3G22370,AT1G77890,,,AT1G01390,,,,
,AT2G41730,AT5G12940,,,AT5G05890,,,,
,AT2G32020,AT1G75940,,,AT2G18230,,,,
,AT2G15490,AT5G26030,,,AT2G36690,,,,
,AT2G29420,AT4G15700,,,AT2G36390,,,,
,AT5G59220,AT3G14200,,,AT4G24570,,,,
,AT2G04050,AT2G47180,,,AT5G15970,,,,
,AT2G23700,AT3G46930,,,AT4G05040,,,,
,AT2G47520,AT1G03740,,,AT3G50010,,,,
,AT2G43290,AT5G23460,,,AT3G16250,,,,
,AT3G60140,AT3G53780,,,AT5G14740,,,,
,AT5G14730,AT5G13880,,,AT3G59250,,,,
,AT2G36950,AT4G31770,,,AT2G43535,,,,
,AT5G51830,AT1G11050,,,AT5G02200,,,,
,AT5G16980,AT3G09870,,,AT5G51190,,,,
,AT5G40690,AT5G14930,,,AT5G63160,,,,
,AT2G47000,AT1G11100,,,AT5G03720,,,,
,AT2G31945,AT5G58430,,,AT1G64780,,,,
,AT3G12920,AT1G74450,,,AT1G12940,,,,
,AT5G39050,AT1G61070,,,AT5G36925,,,,
,AT3G11340,AT3G28890,,,AT5G06570,,,,
,AT4G07960,AT5G64660,,,AT5G44010,,,,
,AT2G43820,AT1G33430,,,AT3G05730,,,,
,AT4G37370,AT3G46620,,,AT4G01080,,,,
,AT1G19020,AT2G44380,,,AT4G19410,,,,
,AT3G02840,AT5G60300,,,AT1G26230,,,,
,AT5G25930,AT3G47550,,,AT1G36675,,,,
,AT4G23190,AT5G61890,,,AT3G53250,,,,
,AT4G37370,AT2G20340,,,AT1G33770,,,,
,AT1G56060,AT1G43000,,,AT1G21130,,,,
,AT4G14365,AT3G55130,,,AT4G39710,,,,
,AT4G21390,AT5G60890,,,AT1G67810,,,,
,AT2G38470,AT2G36380,,,AT1G19670,,,,
,AT4G18880,AT3G54100,,,AT1G32470,,,,
,AT1G27730,AT5G52120,,,AT5G52310,,,,
,AT5G59820,AT4G29770,,,AT4G25470,,,,
,AT5G04340,AT2G29450,,,AT4G37260,,,,
,AT4G17490,AT4G35630,,,AT5G60100,,,,
,AT5G27420,AT3G16400,,,AT5G62670,,,,
,AT5G52750,AT4G34990,,,AT5G17860,,,,
,AT2G40140,AT1G19770,,,AT4G30090,,,,
,AT1G07135,AT1G04310,,,AT3G28840,,,,
,AT1G61340,AT3G57760,,,AT1G69890,,,,
,AT4G23810,AT5G56580,,,AT5G44565,,,,
,AT5G01540,AT5G44070,,,AT5G11070,,,,
,AT1G05575,AT5G66620,,,AT5G40450,,,,
,AT1G80840,AT5G48655,,,AT3G50800,,,,
,AT2G32030,AT4G01010,,,AT3G61870,,,,
,AT5G47230,AT3G21070,,,AT1G62770,,,,
,AT2G38470,AT2G23450,,,AT1G44160,,,,
,AT1G23710,AT2G47060,,,AT2G21660,,,,
,AT5G51190,AT1G73540,,,AT2G18050,,,,
,AT3G50930,AT1G64470,,,AT3G13730,,,,
,AT3G01830,AT5G07530,,,AT4G26890,,,,
,AT4G24570,AT3G02875,,,AT1G27480,,,,
,AT4G39670,AT4G28350,,,AT3G46970,,,,
,AT1G19020,AT5G64310,,,AT1G70090,,,,
,AT2G41730,AT2G47720,,,AT1G04420,,,,
,AT1G05575,AT1G09180,,,AT3G53130,,,,
,AT4G21390,AT1G63830,,,AT4G29840,,,,
,AT4G37370,AT1G67060,,,AT1G03300,,,,
,AT3G50930,AT1G33590,,,AT1G67590,,,,
,AT5G54490,AT4G30350,,,AT1G02820,,,,
,AT5G59820,AT4G23050,,,AT4G34470,,,,
,AT2G15480,AT3G17110,,,AT5G61440,,,,
,AT5G04340,AT1G07520,,,AT4G19530,,,,
,AT1G10340,AT2G22300,,,AT1G45616,,,,
,AT5G52760,AT4G27940,,,AT1G72920,,,,
,AT5G38900,AT1G71530,,,AT1G66100,,,,
,AT5G18470,AT5G58787,,,AT4G17490,,,,
,AT1G51890,AT1G69480,,,AT4G39070,,,,
,AT1G13340,AT3G23220,,,AT5G47230,,,,
,AT5G10380,AT2G27830,,,AT5G04150,,,,
,AT1G33960,AT5G44390,,,AT3G54830,,,,
,AT3G52430,AT1G66370,,,AT4G13800,,,,
,AT2G18660,AT5G53760,,,AT3G21755,,,,
,AT2G32680,AT4G18160,,,AT5G57770,,,,
,AT2G29350,AT5G17490,,,AT1G52270,,,,
,,AT2G18210,,,AT1G59840,,,,
,,AT4G05110,,,AT5G24165,,,,
,,AT5G04020,,,AT5G14090,,,,
,,AT1G31280,,,AT5G03545,,,,
,,AT5G04760,,,AT2G04790,,,,
,,AT4G21865,,,AT3G06070,,,,
,,AT2G44370,,,AT2G38465,,,,
,,AT4G18140,,,AT1G21945,,,,
,,AT1G15800,,,AT5G06520,,,,
,,AT5G05140,,,AT4G29700,,,,
,,AT2G47680,,,AT2G17280,,,,
,,AT1G52080,,,AT2G11810,,,,
,,AT1G76380,,,AT5G57220,,,,
,,AT4G27970,,,AT3G12780,,,,
,,AT5G59450,,,AT5G04360,,,,
,,AT1G06260,,,AT4G33010,,,,
,,AT4G26060,,,AT5G44410,,,,
,,AT1G02660,,,AT1G52700,,,,
,,AT2G40200,,,AT4G09020,,,,
,,AT2G23770,,,AT2G35370,,,,
,,AT3G53960,,,AT5G16370,,,,
,,AT3G56260,,,AT3G28300,,,,
,,AT2G04305,,,AT4G39795,,,,
,,AT1G69270,,,AT1G29390,,,,
,,AT5G41180,,,AT1G19150,,,,
,,AT3G56880,,,AT1G61340,,,,
,,AT1G30010,,,AT4G25350,,,,
,,AT3G05640,,,AT4G35900,,,,
,,AT1G21000,,,AT2G41180,,,,
,,AT5G50790,,,AT5G37260,,,,
,,AT3G06490,,,AT5G04340,,,,
,,AT1G51790,,,AT2G39240,,,,
,,AT4G39980,,,AT1G15960,,,,
,,AT3G03480,,,AT1G70400,,,,
,,AT1G75230,,,AT3G15630,,,,
,,AT5G18890,,,AT1G69760,,,,
,,AT5G46330,,,AT5G46600,,,,
,,AT1G50640,,,AT3G04960,,,,
,,AT5G50335,,,AT5G66800,,,,
,,AT3G23150,,,AT2G45600,,,,
,,AT1G26730,,,AT4G27654,,,,
,,AT1G09960,,,AT1G27020,,,,
,,AT5G64260,,,AT1G07280,,,,
,,AT3G05580,,,AT3G62630,,,,
,,AT3G05220,,,AT2G45830,,,,
,,AT1G07870,,,AT3G12685,,,,
,,AT2G38750,,,AT5G45095,,,,
,,AT5G09440,,,AT4G02370,,,,
,,AT2G46620,,,AT3G32980,,,,
,,AT5G62620,,,AT1G27130,,,,
,,AT2G32240,,,AT1G43670,,,,
,,AT1G27770,,,AT4G19760,,,,
,,AT2G15960,,,AT5G04140,,,,
,,AT1G27130,,,AT3G55810,,,,
,,AT3G25730,,,AT1G04620,,,,
,,AT3G10720,,,AT5G52970,,,,
,,AT1G78080,,,AT4G18375,,,,
,,AT1G14040,,,AT5G28010,,,,
,,AT2G43020,,,AT3G47160,,,,
,,AT5G55120,,,AT3G48340,,,,
,,AT1G28380,,,AT5G05740,,,,
,,AT3G17860,,,AT5G06690,,,,
,,AT2G25625,,,AT1G72940,,,,
,,AT1G11960,,,AT4G17460,,,,
,,AT5G07560,,,AT1G04030,,,,
,,AT1G28050,,,AT1G62780,,,,
,,AT1G01260,,,AT3G30720,,,,
,,AT3G26980,,,AT4G33666,,,,
,,AT5G28630,,,AT3G51750,,,,
,,AT1G17340,,,AT3G47070,,,,
,,AT5G65380,,,AT5G27950,,,,
,,AT1G44830,,,AT1G29500,,,,
,,AT1G05010,,,AT3G61900,,,,
,,AT2G32930,,,AT1G65190,,,,
,,AT4G30210,,,AT5G10520,,,,
,,AT1G70480,,,AT1G75900,,,,
,,AT1G66510,,,AT2G29170,,,,
,,AT5G55860,,,AT5G42800,,,,
,,AT3G45640,,,AT1G22430,,,,
,,AT5G38120,,,AT3G48420,,,,
,,AT5G57190,,,AT5G47240,,,,
,,AT3G57120,,,AT1G31490,,,,
,,AT1G75450,,,AT5G49280,,,,
,,AT5G37540,,,AT1G52770,,,,
,,AT3G56620,,,AT3G25670,,,,
,,AT4G27657,,,AT3G19850,,,,
,,AT1G16510,,,AT3G50060,,,,
,,AT1G35260,,,AT2G44840,,,,
,,AT1G76390,,,AT2G40670,,,,
,,AT3G58710,,,AT3G23230,,,,
,,AT1G08930,,,AT2G36830,,,,
,,AT1G67970,,,AT4G33980,,,,
,,AT3G16490,,,AT3G46880,,,,
,,AT4G39640,,,AT1G64355,,,,
,,AT5G43380,,,AT5G41620,,,,
,,AT1G22280,,,AT1G53035,,,,
,,AT5G02170,,,AT1G50730,,,,
,,AT1G59870,,,,,,,
,,AT1G52720,,,,,,,
,,AT5G53830,,,,,,,
,,AT1G67990,,,,,,,
,,AT1G72660,,,,,,,
,,AT4G26400,,,,,,,
,,AT5G62210,,,,,,,
,,AT5G60490,,,,,,,
,,AT3G43190,,,,,,,
,,AT4G08150,,,,,,,
,,AT1G69880,,,,,,,
,,AT1G43800,,,,,,,
,,AT3G29970,,,,,,,
,,AT2G02950,,,,,,,
,,AT1G44900,,,,,,,
,,AT5G62730,,,,,,,
,,AT3G45260,,,,,,,
,,AT5G04530,,,,,,,
,,AT5G02760,,,,,,,
,,AT4G18670,,,,,,,
,,AT5G11930,,,,,,,
,,AT3G30530,,,,,,,
,,AT3G53100,,,,,,,
,,AT4G16120,,,,,,,
,,AT1G74160,,,,,,,
,,AT1G10850,,,,,,,
,,AT3G07540,,,,,,,
,,AT4G38950,,,,,,,
,,AT5G57180,,,,,,,
,,AT2G05160,,,,,,,
,,AT5G48560,,,,,,,
,,AT1G32450,,,,,,,
,,AT1G80870,,,,,,,
,,AT3G14395,,,,,,,
,,AT2G31270,,,,,,,
